{"v":"5.5.7","fr":25,"ip":0,"op":100,"w":1080,"h":2280,"nm":"pixel4_car_05_arrival_chruch","ddd":0,"assets":[{"id":"image_0","w":1080,"h":2280,"u":"images/","p":"img_0.png","e":0},{"id":"image_1","w":679,"h":60,"u":"images/","p":"img_1.png","e":0},{"id":"image_2","w":884,"h":138,"u":"images/","p":"img_2.png","e":0},{"id":"comp_0","layers":[{"ddd":0,"ind":1,"ty":2,"nm":"text","refId":"image_1","sr":1,"ks":{"o":{"a":0,"k":100,"ix":11},"r":{"a":0,"k":0,"ix":10},"p":{"a":0,"k":[545.5,1227,0],"ix":2},"a":{"a":0,"k":[339.5,30,0],"ix":1},"s":{"a":0,"k":[100,100,100],"ix":6}},"ao":0,"ip":0,"op":100,"st":0,"bm":0}]}],"layers":[{"ddd":0,"ind":1,"ty":2,"nm":"iconic-church_1_car_text.png","cl":"png","refId":"image_0","sr":1,"ks":{"o":{"a":0,"k":100,"ix":11},"r":{"a":0,"k":0,"ix":10},"p":{"a":0,"k":[540,1140,0],"ix":2},"a":{"a":0,"k":[540,1140,0],"ix":1},"s":{"a":0,"k":[100,100,100],"ix":6}},"ao":0,"ip":0,"op":100,"st":0,"bm":0},{"ddd":0,"ind":2,"ty":0,"nm":"h1","refId":"comp_0","sr":1,"ks":{"o":{"a":0,"k":100,"ix":11},"r":{"a":0,"k":0,"ix":10},"p":{"a":0,"k":[540,1140,0],"ix":2},"a":{"a":0,"k":[540,1140,0],"ix":1},"s":{"a":0,"k":[100,100,100],"ix":6}},"ao":0,"w":1080,"h":2280,"ip":0,"op":100,"st":0,"bm":0},{"ddd":0,"ind":3,"ty":2,"nm":"body","refId":"image_2","sr":1,"ks":{"o":{"a":0,"k":100,"ix":11},"r":{"a":0,"k":0,"ix":10},"p":{"a":0,"k":[546,1433,0],"ix":2},"a":{"a":0,"k":[442,69,0],"ix":1},"s":{"a":0,"k":[100,100,100],"ix":6}},"ao":0,"ip":0,"op":100,"st":0,"bm":0},{"ddd":0,"ind":5,"ty":3,"nm":"control_scale","sr":1,"ks":{"o":{"a":0,"k":0,"ix":11},"r":{"a":0,"k":0,"ix":10},"p":{"a":0,"k":[534,872,0],"ix":2},"a":{"a":0,"k":[0,0,0],"ix":1},"s":{"a":0,"k":[43,43,100],"ix":6}},"ao":0,"ip":0,"op":100,"st":0,"bm":0},{"ddd":0,"ind":6,"ty":4,"nm":"location","parent":5,"sr":1,"ks":{"o":{"a":0,"k":100,"ix":11},"r":{"a":0,"k":0,"ix":10},"p":{"a":0,"k":[3.981,339.673,0],"ix":2},"a":{"a":0,"k":[9,278.71,0],"ix":1},"s":{"a":1,"k":[{"i":{"x":[0.833,0.833,0.833],"y":[0.833,0.833,0.833]},"o":{"x":[0.167,0.167,0.167],"y":[0.167,0.167,0.167]},"t":8,"s":[0,0,100]},{"t":13,"s":[97,97,100]}],"ix":6,"x":"var $bm_rt;\nvar amp, freq, decay, n, t, v;\ntry {\n    amp = $bm_div(effect('Scale - Overshoot')('ADBE Slider Control-0001'), 2.5), freq = $bm_div(effect('Scale - Bounce')('ADBE Slider Control-0001'), 20), decay = $bm_div(effect('Scale - Friction')('ADBE Slider Control-0001'), 20), n = 0, 0 < numKeys && (n = nearestKey(time).index, key(n).time > time && n--), t = 0 === n ? 0 : $bm_sub(time, key(n).time), $bm_rt = 0 < n ? (v = velocityAtTime($bm_sub(key(n).time, $bm_div(thisComp.frameDuration, 10))), $bm_sum(value, $bm_div($bm_mul($bm_mul($bm_div(v, 100), amp), Math.sin($bm_mul($bm_mul($bm_mul(freq, t), 2), Math.PI))), Math.exp($bm_mul(decay, t))))) : value;\n} catch (e$$4) {\n    $bm_rt = value = value;\n}"}},"ao":0,"ef":[{"ty":5,"nm":"Scale - Overshoot","np":3,"mn":"ADBE Slider Control","ix":1,"en":1,"ef":[{"ty":0,"nm":"Slider","mn":"ADBE Slider Control-0001","ix":1,"v":{"a":0,"k":20,"ix":1,"x":"var $bm_rt;\n$bm_rt = clamp(value, 0, 100);"}}]},{"ty":5,"nm":"Scale - Bounce","np":3,"mn":"ADBE Slider Control","ix":2,"en":1,"ef":[{"ty":0,"nm":"Slider","mn":"ADBE Slider Control-0001","ix":1,"v":{"a":0,"k":40,"ix":1,"x":"var $bm_rt;\n$bm_rt = clamp(value, 0, 100);"}}]},{"ty":5,"nm":"Scale - Friction","np":3,"mn":"ADBE Slider Control","ix":3,"en":1,"ef":[{"ty":0,"nm":"Slider","mn":"ADBE Slider Control-0001","ix":1,"v":{"a":0,"k":40,"ix":1,"x":"var $bm_rt;\n$bm_rt = clamp(value, 0, 100);"}}]}],"shapes":[{"ty":"gr","it":[{"d":1,"ty":"el","s":{"a":0,"k":[124,124],"ix":2},"p":{"a":0,"k":[0,0],"ix":3},"nm":"Ellipse Path 1","mn":"ADBE Vector Shape - Ellipse","hd":false},{"ty":"fl","c":{"a":0,"k":[0.117647066303,0.525490196078,0.901960844152,1],"ix":4},"o":{"a":0,"k":100,"ix":5},"r":1,"bm":0,"nm":"Fill 1","mn":"ADBE Vector Graphic - Fill","hd":false},{"ty":"tr","p":{"a":0,"k":[11,-94.767],"ix":2},"a":{"a":0,"k":[0,0],"ix":1},"s":{"a":0,"k":[110,110],"ix":3},"r":{"a":0,"k":0,"ix":6},"o":{"a":0,"k":100,"ix":7},"sk":{"a":0,"k":0,"ix":4},"sa":{"a":0,"k":0,"ix":5},"nm":"Transform"}],"nm":"Ellipse 2","np":3,"cix":2,"bm":0,"ix":1,"mn":"ADBE Vector Group","hd":false},{"ty":"gr","it":[{"ty":"gr","it":[{"ty":"sr","sy":2,"d":1,"pt":{"a":0,"k":3,"ix":3},"p":{"a":0,"k":[4.6,-109.7],"ix":4},"r":{"a":0,"k":0,"ix":5},"or":{"a":0,"k":164.319,"ix":7},"os":{"a":0,"k":12,"ix":9},"ix":1,"nm":"Polystar Path 1","mn":"ADBE Vector Shape - Star","hd":false},{"ty":"fl","c":{"a":0,"k":[0.960784373564,0.729411764706,0.301960784314,1],"ix":4},"o":{"a":0,"k":100,"ix":5},"r":1,"bm":0,"nm":"Fill 1","mn":"ADBE Vector Graphic - Fill","hd":false},{"ty":"tr","p":{"a":0,"k":[15.219,-33],"ix":2},"a":{"a":0,"k":[0,0],"ix":1},"s":{"a":0,"k":[128,114],"ix":3},"r":{"a":0,"k":180,"ix":6},"o":{"a":0,"k":100,"ix":7},"sk":{"a":0,"k":0,"ix":4},"sa":{"a":0,"k":0,"ix":5},"nm":"Transform"}],"nm":"Polystar 1","np":3,"cix":2,"bm":0,"ix":1,"mn":"ADBE Vector Group","hd":false},{"ty":"gr","it":[{"d":1,"ty":"el","s":{"a":0,"k":[395,402.441],"ix":2},"p":{"a":0,"k":[0,0],"ix":3},"nm":"Ellipse Path 1","mn":"ADBE Vector Shape - Ellipse","hd":false},{"ty":"fl","c":{"a":0,"k":[0.960784373564,0.729411764706,0.301960784314,1],"ix":4},"o":{"a":0,"k":100,"ix":5},"r":1,"bm":0,"nm":"Fill 1","mn":"ADBE Vector Graphic - Fill","hd":false},{"ty":"tr","p":{"a":0,"k":[9,-77.158],"ix":2},"a":{"a":0,"k":[0,0],"ix":1},"s":{"a":0,"k":[100,100],"ix":3},"r":{"a":0,"k":0,"ix":6},"o":{"a":0,"k":100,"ix":7},"sk":{"a":0,"k":0,"ix":4},"sa":{"a":0,"k":0,"ix":5},"nm":"Transform"}],"nm":"Ellipse 1","np":3,"cix":2,"bm":0,"ix":2,"mn":"ADBE Vector Group","hd":false},{"ty":"mm","mm":2,"nm":"Merge Paths 1","mn":"ADBE Vector Filter - Merge","hd":false},{"ty":"fl","c":{"a":0,"k":[0.960784373564,0.729411764706,0.301960784314,1],"ix":4},"o":{"a":0,"k":100,"ix":5},"r":1,"bm":0,"nm":"Fill 1","mn":"ADBE Vector Graphic - Fill","hd":false},{"ty":"tr","p":{"a":0,"k":[9,-19.645],"ix":2},"a":{"a":0,"k":[9,-19.645],"ix":1},"s":{"a":0,"k":[116,116],"ix":3},"r":{"a":0,"k":0,"ix":6},"o":{"a":0,"k":100,"ix":7},"sk":{"a":0,"k":0,"ix":4},"sa":{"a":0,"k":0,"ix":5},"nm":"Transform"}],"nm":"Group 1","np":5,"cix":2,"bm":0,"ix":2,"mn":"ADBE Vector Group","hd":false},{"ty":"fl","c":{"a":0,"k":[0.960784375668,0.729411780834,0.301960796118,1],"ix":4},"o":{"a":0,"k":100,"ix":5},"r":1,"bm":0,"nm":"Fill 1","mn":"ADBE Vector Graphic - Fill","hd":false}],"ip":0,"op":100,"st":0,"bm":0},{"ddd":0,"ind":7,"ty":4,"nm":"Shape Layer 1","parent":5,"sr":1,"ks":{"o":{"a":0,"k":100,"ix":11},"r":{"a":0,"k":0,"ix":10},"p":{"a":0,"k":[7,450.19,0],"ix":2},"a":{"a":0,"k":[20,342,0],"ix":1},"s":{"a":1,"k":[{"i":{"x":[0.833,0.833,0.833],"y":[0.833,0.833,0.833]},"o":{"x":[0.167,0.167,0.167],"y":[0.167,0.167,0.167]},"t":6,"s":[0,0,100]},{"i":{"x":[0.833,0.833,0.833],"y":[0.833,0.833,0.833]},"o":{"x":[0.167,0.167,0.167],"y":[0.167,0.167,0.167]},"t":11,"s":[100,100,100]},{"t":29,"s":[108.401,100,100]}],"ix":6,"x":"var $bm_rt;\nvar amp, freq, decay, n, t, v;\ntry {\n    amp = $bm_div(effect('Scale - Overshoot')('ADBE Slider Control-0001'), 2.5), freq = $bm_div(effect('Scale - Bounce')('ADBE Slider Control-0001'), 20), decay = $bm_div(effect('Scale - Friction')('ADBE Slider Control-0001'), 20), n = 0, 0 < numKeys && (n = nearestKey(time).index, key(n).time > time && n--), t = 0 === n ? 0 : $bm_sub(time, key(n).time), $bm_rt = 0 < n ? (v = velocityAtTime($bm_sub(key(n).time, $bm_div(thisComp.frameDuration, 10))), $bm_sum(value, $bm_div($bm_mul($bm_mul($bm_div(v, 100), amp), Math.sin($bm_mul($bm_mul($bm_mul(freq, t), 2), Math.PI))), Math.exp($bm_mul(decay, t))))) : value;\n} catch (e$$4) {\n    $bm_rt = value = value;\n}"}},"ao":0,"ef":[{"ty":5,"nm":"Scale - Overshoot","np":3,"mn":"ADBE Slider Control","ix":1,"en":1,"ef":[{"ty":0,"nm":"Slider","mn":"ADBE Slider Control-0001","ix":1,"v":{"a":0,"k":10,"ix":1,"x":"var $bm_rt;\n$bm_rt = clamp(value, 0, 100);"}}]},{"ty":5,"nm":"Scale - Bounce","np":3,"mn":"ADBE Slider Control","ix":2,"en":1,"ef":[{"ty":0,"nm":"Slider","mn":"ADBE Slider Control-0001","ix":1,"v":{"a":0,"k":40,"ix":1,"x":"var $bm_rt;\n$bm_rt = clamp(value, 0, 100);"}}]},{"ty":5,"nm":"Scale - Friction","np":3,"mn":"ADBE Slider Control","ix":3,"en":1,"ef":[{"ty":0,"nm":"Slider","mn":"ADBE Slider Control-0001","ix":1,"v":{"a":0,"k":50,"ix":1,"x":"var $bm_rt;\n$bm_rt = clamp(value, 0, 100);"}}]}],"shapes":[{"ty":"gr","it":[{"d":1,"ty":"el","s":{"a":0,"k":[638,182],"ix":2},"p":{"a":0,"k":[0,0],"ix":3},"nm":"Ellipse Path 1","mn":"ADBE Vector Shape - Ellipse","hd":false},{"ty":"fl","c":{"a":0,"k":[0.235294132607,0.772549079446,0.396078461292,1],"ix":4},"o":{"a":0,"k":100,"ix":5},"r":1,"bm":0,"nm":"Fill 1","mn":"ADBE Vector Graphic - Fill","hd":false},{"ty":"tr","p":{"a":0,"k":[20,251],"ix":2},"a":{"a":0,"k":[0,0],"ix":1},"s":{"a":0,"k":[100,100],"ix":3},"r":{"a":0,"k":0,"ix":6},"o":{"a":0,"k":100,"ix":7},"sk":{"a":0,"k":0,"ix":4},"sa":{"a":0,"k":0,"ix":5},"nm":"Transform"}],"nm":"Ellipse 1","np":3,"cix":2,"bm":0,"ix":1,"mn":"ADBE Vector Group","hd":false}],"ip":0,"op":100,"st":0,"bm":0},{"ddd":0,"ind":8,"ty":4,"nm":"Shape Layer 2","parent":5,"sr":1,"ks":{"o":{"a":0,"k":50,"ix":11},"r":{"a":0,"k":0,"ix":10},"p":{"a":0,"k":[7,506.857,0],"ix":2},"a":{"a":0,"k":[20,342,0],"ix":1},"s":{"a":1,"k":[{"i":{"x":[0.833,0.833,0.833],"y":[0.833,0.833,0.833]},"o":{"x":[0.167,0.167,0.167],"y":[0.167,0.167,0.167]},"t":3,"s":[0,0,100]},{"i":{"x":[0.833,0.833,0.833],"y":[0.833,0.833,0.833]},"o":{"x":[0.167,0.167,0.167],"y":[0.167,0.167,0.167]},"t":8,"s":[100,100,100]},{"t":29,"s":[109.421,100,100]}],"ix":6,"x":"var $bm_rt;\nvar amp, freq, decay, n, t, v;\ntry {\n    amp = $bm_div(effect('Scale - Overshoot')('ADBE Slider Control-0001'), 2.5), freq = $bm_div(effect('Scale - Bounce')('ADBE Slider Control-0001'), 20), decay = $bm_div(effect('Scale - Friction')('ADBE Slider Control-0001'), 20), n = 0, 0 < numKeys && (n = nearestKey(time).index, key(n).time > time && n--), t = 0 === n ? 0 : $bm_sub(time, key(n).time), $bm_rt = 0 < n ? (v = velocityAtTime($bm_sub(key(n).time, $bm_div(thisComp.frameDuration, 10))), $bm_sum(value, $bm_div($bm_mul($bm_mul($bm_div(v, 100), amp), Math.sin($bm_mul($bm_mul($bm_mul(freq, t), 2), Math.PI))), Math.exp($bm_mul(decay, t))))) : value;\n} catch (e$$4) {\n    $bm_rt = value = value;\n}"}},"ao":0,"ef":[{"ty":5,"nm":"Scale - Overshoot","np":3,"mn":"ADBE Slider Control","ix":1,"en":1,"ef":[{"ty":0,"nm":"Slider","mn":"ADBE Slider Control-0001","ix":1,"v":{"a":0,"k":10,"ix":1,"x":"var $bm_rt;\n$bm_rt = clamp(value, 0, 100);"}}]},{"ty":5,"nm":"Scale - Bounce","np":3,"mn":"ADBE Slider Control","ix":2,"en":1,"ef":[{"ty":0,"nm":"Slider","mn":"ADBE Slider Control-0001","ix":1,"v":{"a":0,"k":40,"ix":1,"x":"var $bm_rt;\n$bm_rt = clamp(value, 0, 100);"}}]},{"ty":5,"nm":"Scale - Friction","np":3,"mn":"ADBE Slider Control","ix":3,"en":1,"ef":[{"ty":0,"nm":"Slider","mn":"ADBE Slider Control-0001","ix":1,"v":{"a":0,"k":50,"ix":1,"x":"var $bm_rt;\n$bm_rt = clamp(value, 0, 100);"}}]}],"shapes":[{"ty":"gr","it":[{"d":1,"ty":"el","s":{"a":0,"k":[638,182],"ix":2},"p":{"a":0,"k":[0,0],"ix":3},"nm":"Ellipse Path 1","mn":"ADBE Vector Shape - Ellipse","hd":false},{"ty":"fl","c":{"a":0,"k":[0.235294132607,0.772549079446,0.396078461292,1],"ix":4},"o":{"a":0,"k":100,"ix":5},"r":1,"bm":0,"nm":"Fill 1","mn":"ADBE Vector Graphic - Fill","hd":false},{"ty":"tr","p":{"a":0,"k":[20,251],"ix":2},"a":{"a":0,"k":[0,0],"ix":1},"s":{"a":0,"k":[100,100],"ix":3},"r":{"a":0,"k":0,"ix":6},"o":{"a":0,"k":100,"ix":7},"sk":{"a":0,"k":0,"ix":4},"sa":{"a":0,"k":0,"ix":5},"nm":"Transform"}],"nm":"Ellipse 1","np":3,"cix":2,"bm":0,"ix":1,"mn":"ADBE Vector Group","hd":false}],"ip":0,"op":100,"st":0,"bm":0},{"ddd":0,"ind":9,"ty":4,"nm":"Shape Layer 3","parent":5,"sr":1,"ks":{"o":{"a":0,"k":30,"ix":11},"r":{"a":0,"k":0,"ix":10},"p":{"a":0,"k":[7,554,0],"ix":2},"a":{"a":0,"k":[20,342,0],"ix":1},"s":{"a":1,"k":[{"i":{"x":[0.833,0.833,0.833],"y":[0.833,0.833,0.833]},"o":{"x":[0.167,0.167,0.167],"y":[0.167,0.167,0.167]},"t":0,"s":[0,0,100]},{"i":{"x":[0.833,0.833,0.833],"y":[0.833,0.833,0.833]},"o":{"x":[0.167,0.167,0.167],"y":[0.167,0.167,0.167]},"t":5,"s":[100,100,100]},{"t":29,"s":[107.506,100,100]}],"ix":6,"x":"var $bm_rt;\nvar amp, freq, decay, n, t, v;\ntry {\n    amp = $bm_div(effect('Scale - Overshoot')('ADBE Slider Control-0001'), 2.5), freq = $bm_div(effect('Scale - Bounce')('ADBE Slider Control-0001'), 20), decay = $bm_div(effect('Scale - Friction')('ADBE Slider Control-0001'), 20), n = 0, 0 < numKeys && (n = nearestKey(time).index, key(n).time > time && n--), t = 0 === n ? 0 : $bm_sub(time, key(n).time), $bm_rt = 0 < n ? (v = velocityAtTime($bm_sub(key(n).time, $bm_div(thisComp.frameDuration, 10))), $bm_sum(value, $bm_div($bm_mul($bm_mul($bm_div(v, 100), amp), Math.sin($bm_mul($bm_mul($bm_mul(freq, t), 2), Math.PI))), Math.exp($bm_mul(decay, t))))) : value;\n} catch (e$$4) {\n    $bm_rt = value = value;\n}"}},"ao":0,"ef":[{"ty":5,"nm":"Scale - Overshoot","np":3,"mn":"ADBE Slider Control","ix":1,"en":1,"ef":[{"ty":0,"nm":"Slider","mn":"ADBE Slider Control-0001","ix":1,"v":{"a":0,"k":10,"ix":1,"x":"var $bm_rt;\n$bm_rt = clamp(value, 0, 100);"}}]},{"ty":5,"nm":"Scale - Bounce","np":3,"mn":"ADBE Slider Control","ix":2,"en":1,"ef":[{"ty":0,"nm":"Slider","mn":"ADBE Slider Control-0001","ix":1,"v":{"a":0,"k":40,"ix":1,"x":"var $bm_rt;\n$bm_rt = clamp(value, 0, 100);"}}]},{"ty":5,"nm":"Scale - Friction","np":3,"mn":"ADBE Slider Control","ix":3,"en":1,"ef":[{"ty":0,"nm":"Slider","mn":"ADBE Slider Control-0001","ix":1,"v":{"a":0,"k":50,"ix":1,"x":"var $bm_rt;\n$bm_rt = clamp(value, 0, 100);"}}]}],"shapes":[{"ty":"gr","it":[{"d":1,"ty":"el","s":{"a":0,"k":[638,182],"ix":2},"p":{"a":0,"k":[0,0],"ix":3},"nm":"Ellipse Path 1","mn":"ADBE Vector Shape - Ellipse","hd":false},{"ty":"fl","c":{"a":0,"k":[0.235294132607,0.772549079446,0.396078461292,1],"ix":4},"o":{"a":0,"k":100,"ix":5},"r":1,"bm":0,"nm":"Fill 1","mn":"ADBE Vector Graphic - Fill","hd":false},{"ty":"tr","p":{"a":0,"k":[20,251],"ix":2},"a":{"a":0,"k":[0,0],"ix":1},"s":{"a":0,"k":[100,100],"ix":3},"r":{"a":0,"k":0,"ix":6},"o":{"a":0,"k":100,"ix":7},"sk":{"a":0,"k":0,"ix":4},"sa":{"a":0,"k":0,"ix":5},"nm":"Transform"}],"nm":"Ellipse 1","np":3,"cix":2,"bm":0,"ix":1,"mn":"ADBE Vector Group","hd":false}],"ip":0,"op":100,"st":0,"bm":0},{"ddd":0,"ind":10,"ty":1,"nm":"Bg","sr":1,"ks":{"o":{"a":0,"k":100,"ix":11},"r":{"a":0,"k":0,"ix":10},"p":{"a":0,"k":[540,1140,0],"ix":2},"a":{"a":0,"k":[540,1140,0],"ix":1},"s":{"a":0,"k":[100,100,100],"ix":6}},"ao":0,"sw":1080,"sh":2280,"sc":"#1c83ea","ip":0,"op":100,"st":0,"bm":0}],"markers":[]}