{"v":"5.5.7","fr":29.9700012207031,"ip":0,"op":180.00000733155,"w":1080,"h":2280,"nm":"chruch_arrives","ddd":0,"assets":[{"id":"image_0","w":565,"h":67,"u":"images/","p":"img_0.png","e":0},{"id":"image_1","w":1080,"h":2280,"u":"images/","p":"img_1.png","e":0},{"id":"image_2","w":840,"h":256,"u":"images/","p":"img_2.png","e":0},{"id":"image_3","w":1080,"h":2280,"u":"images/","p":"img_3.png","e":0},{"id":"image_4","w":1080,"h":2280,"u":"images/","p":"img_4.png","e":0},{"id":"image_5","w":1080,"h":2280,"u":"images/","p":"img_5.png","e":0},{"id":"comp_0","layers":[{"ddd":0,"ind":1,"ty":2,"nm":"text","refId":"image_0","sr":1,"ks":{"o":{"a":0,"k":80,"ix":11},"r":{"a":0,"k":0,"ix":10},"p":{"a":0,"k":[539.5,884.5,0],"ix":2},"a":{"a":0,"k":[282.5,33.5,0],"ix":1},"s":{"a":0,"k":[100,100,100],"ix":6}},"ao":0,"ip":0,"op":119.880004882813,"st":0,"bm":0},{"ddd":0,"ind":2,"ty":2,"nm":"bg","refId":"image_1","sr":1,"ks":{"o":{"a":0,"k":100,"ix":11},"r":{"a":0,"k":0,"ix":10},"p":{"a":0,"k":[540,1140,0],"ix":2},"a":{"a":0,"k":[540,1140,0],"ix":1},"s":{"a":0,"k":[100,100,100],"ix":6}},"ao":0,"hasMask":true,"masksProperties":[{"inv":false,"mode":"a","pt":{"a":0,"k":{"i":[[-1.105,0],[0,0],[0,-1.105],[0,0],[1.105,0],[0,0],[0,1.105],[0,0]],"o":[[0,0],[1.105,0],[0,0],[0,1.105],[0,0],[-1.105,0],[0,0],[0,-1.105]],"v":[[169.25,825],[910.75,825],[912.75,827],[912.75,943],[910.75,945],[169.25,945],[167.25,943],[167.25,827]],"c":true},"ix":1},"o":{"a":0,"k":100,"ix":3},"x":{"a":0,"k":0,"ix":4},"nm":"Mask 1"}],"ip":0,"op":119.880004882813,"st":0,"bm":0}]},{"id":"comp_1","layers":[{"ddd":0,"ind":1,"ty":2,"nm":"text","refId":"image_2","sr":1,"ks":{"o":{"a":0,"k":80,"ix":11},"r":{"a":0,"k":0,"ix":10},"p":{"a":0,"k":[540,1198,0],"ix":2},"a":{"a":0,"k":[420,128,0],"ix":1},"s":{"a":0,"k":[100,100,100],"ix":6}},"ao":0,"ip":0,"op":119.880004882813,"st":0,"bm":0},{"ddd":0,"ind":2,"ty":2,"nm":"bg","refId":"image_3","sr":1,"ks":{"o":{"a":0,"k":100,"ix":11},"r":{"a":0,"k":0,"ix":10},"p":{"a":0,"k":[540,1140,0],"ix":2},"a":{"a":0,"k":[540,1140,0],"ix":1},"s":{"a":0,"k":[100,100,100],"ix":6}},"ao":0,"hasMask":true,"masksProperties":[{"inv":false,"mode":"a","pt":{"a":0,"k":{"i":[[-1.105,0],[0,0],[0,-1.104],[0,0],[1.105,0],[0,0],[0,1.104],[0,0]],"o":[[0,0],[1.105,0],[0,0],[0,1.104],[0,0],[-1.105,0],[0,0],[0,-1.104]],"v":[[152.047,1053],[928,1053],[930,1055],[930,1126],[928,1128],[152.047,1128],[150.047,1126],[150.047,1055]],"c":true},"ix":1},"o":{"a":0,"k":100,"ix":3},"x":{"a":0,"k":0,"ix":4},"nm":"Mask 1"}],"ip":0,"op":119.880004882813,"st":0,"bm":0},{"ddd":0,"ind":3,"ty":2,"nm":"bg copy","refId":"image_4","sr":1,"ks":{"o":{"a":0,"k":100,"ix":11},"r":{"a":0,"k":0,"ix":10},"p":{"a":0,"k":[540,1140,0],"ix":2},"a":{"a":0,"k":[540,1140,0],"ix":1},"s":{"a":0,"k":[100,100,100],"ix":6}},"ao":0,"hasMask":true,"masksProperties":[{"inv":false,"mode":"a","pt":{"a":0,"k":{"i":[[-1.105,0],[0,0],[0,-1.105],[0,0],[1.105,0],[0,0],[0,1.105],[0,0]],"o":[[0,0],[1.105,0],[0,0],[0,1.105],[0,0],[-1.105,0],[0,0],[0,-1.105]],"v":[[76.344,1159.5],[1003.656,1159.5],[1005.656,1161.5],[1005.656,1232.5],[1003.656,1234.5],[76.344,1234.5],[74.344,1232.5],[74.344,1161.5]],"c":true},"ix":1},"o":{"a":0,"k":100,"ix":3},"x":{"a":0,"k":0,"ix":4},"nm":"Mask 1"}],"ip":0,"op":119.880004882813,"st":0,"bm":0},{"ddd":0,"ind":4,"ty":2,"nm":"bg copy 2","refId":"image_5","sr":1,"ks":{"o":{"a":0,"k":100,"ix":11},"r":{"a":0,"k":0,"ix":10},"p":{"a":0,"k":[540,1140,0],"ix":2},"a":{"a":0,"k":[540,1140,0],"ix":1},"s":{"a":0,"k":[100,100,100],"ix":6}},"ao":0,"hasMask":true,"masksProperties":[{"inv":false,"mode":"a","pt":{"a":0,"k":{"i":[[-1.105,0],[0,0],[0,-1.104],[0,0],[1.105,0],[0,0],[0,1.105],[0,0]],"o":[[0,0],[1.105,0],[0,0],[0,1.105],[0,0],[-1.105,0],[0,0],[0,-1.104]],"v":[[227,1263],[853.047,1263],[855.047,1265],[855.047,1336],[853.047,1338],[227,1338],[225,1336],[225,1265]],"c":true},"ix":1},"o":{"a":0,"k":100,"ix":3},"x":{"a":0,"k":0,"ix":4},"nm":"Mask 1"}],"ip":0,"op":119.880004882813,"st":0,"bm":0}]}],"layers":[{"ddd":0,"ind":1,"ty":0,"nm":"h1","refId":"comp_0","sr":1,"ks":{"o":{"a":0,"k":100,"ix":11},"r":{"a":0,"k":0,"ix":10},"p":{"a":0,"k":[540,1140,0],"ix":2},"a":{"a":0,"k":[540,1140,0],"ix":1},"s":{"a":0,"k":[100,100,100],"ix":6}},"ao":0,"tm":{"a":0,"k":0,"ix":2},"w":1080,"h":2280,"ip":0,"op":180.00000733155,"st":0,"bm":0},{"ddd":0,"ind":2,"ty":0,"nm":"body","refId":"comp_1","sr":1,"ks":{"o":{"a":0,"k":100,"ix":11},"r":{"a":0,"k":0,"ix":10},"p":{"a":0,"k":[540,1140,0],"ix":2},"a":{"a":0,"k":[540,1140,0],"ix":1},"s":{"a":0,"k":[100,100,100],"ix":6}},"ao":0,"tm":{"a":0,"k":0,"ix":2},"w":1080,"h":2280,"ip":0,"op":180.00000733155,"st":0,"bm":0},{"ddd":0,"ind":6,"ty":4,"nm":"square_quad Outlines","sr":1,"ks":{"o":{"a":0,"k":100,"ix":11},"r":{"a":1,"k":[{"i":{"x":[0.667],"y":[1]},"o":{"x":[0.333],"y":[0]},"t":0,"s":[0]},{"i":{"x":[0.667],"y":[1]},"o":{"x":[0.333],"y":[0]},"t":24,"s":[-45]},{"i":{"x":[0.352],"y":[1]},"o":{"x":[0.64],"y":[0]},"t":45,"s":[-45]},{"i":{"x":[0.667],"y":[1]},"o":{"x":[0.333],"y":[0]},"t":74,"s":[-180]},{"i":{"x":[0.667],"y":[1]},"o":{"x":[0.333],"y":[0]},"t":75,"s":[-180]},{"i":{"x":[0.667],"y":[1]},"o":{"x":[0.333],"y":[0]},"t":95,"s":[-180]},{"i":{"x":[0.667],"y":[1]},"o":{"x":[0.333],"y":[0]},"t":119,"s":[-225]},{"i":{"x":[0.561],"y":[1]},"o":{"x":[0.515],"y":[0]},"t":144,"s":[-225]},{"i":{"x":[0.833],"y":[1]},"o":{"x":[0.167],"y":[0]},"t":158,"s":[-360]},{"t":164.000006679857,"s":[-360]}],"ix":10},"p":{"a":1,"k":[{"i":{"x":0.214,"y":1},"o":{"x":0.8,"y":0},"t":0,"s":[541.179,1140,0],"to":[-115.833,-30,0],"ti":[115.833,30,0]},{"i":{"x":0.667,"y":0.667},"o":{"x":0.333,"y":0.333},"t":24,"s":[-153.821,960,0],"to":[0,0,0],"ti":[0,0,0]},{"i":{"x":0.364,"y":1},"o":{"x":0.64,"y":0},"t":45,"s":[-153.821,960,0],"to":[115.833,30,0],"ti":[-115.833,-30,0]},{"i":{"x":0.667,"y":0.667},"o":{"x":0.333,"y":0.333},"t":69,"s":[541.179,1140,0],"to":[0,0,0],"ti":[0,0,0]},{"i":{"x":0.667,"y":0.667},"o":{"x":0.333,"y":0.333},"t":75,"s":[541.179,1140,0],"to":[0,0,0],"ti":[0,0,0]},{"i":{"x":0.329,"y":1},"o":{"x":0.593,"y":0},"t":95,"s":[541.179,1140,0],"to":[-115.833,-30,0],"ti":[115.833,30,0]},{"i":{"x":0.667,"y":0.667},"o":{"x":0.333,"y":0.333},"t":119,"s":[-153.821,960,0],"to":[0,0,0],"ti":[0,0,0]},{"i":{"x":0.22,"y":1},"o":{"x":0.579,"y":0},"t":139,"s":[-153.821,960,0],"to":[115.833,30,0],"ti":[-115.833,-30,0]},{"i":{"x":0.667,"y":0.667},"o":{"x":0.167,"y":0.167},"t":158,"s":[541.179,1140,0],"to":[0,0,0],"ti":[0,0,0]},{"t":164.000006679857,"s":[541.179,1140,0]}],"ix":2},"a":{"a":0,"k":[1750,1750,0],"ix":1},"s":{"a":0,"k":[150,150,100],"ix":6}},"ao":0,"shapes":[{"ty":"gr","it":[{"ind":0,"ty":"sh","ix":1,"ks":{"a":0,"k":{"i":[[0,0],[0,0],[0,0],[0,0]],"o":[[0,0],[0,0],[0,0],[0,0]],"v":[[-875,875],[875,875],[875,-875],[-875,-875]],"c":true},"ix":2},"nm":"Path 1","mn":"ADBE Vector Shape - Group","hd":false},{"ty":"fl","c":{"a":0,"k":[0.059000000299,0.616000007181,0.344999994016,1],"ix":4},"o":{"a":0,"k":100,"ix":5},"r":1,"bm":0,"nm":"Fill 1","mn":"ADBE Vector Graphic - Fill","hd":false},{"ty":"tr","p":{"a":0,"k":[875,875],"ix":2},"a":{"a":0,"k":[0,0],"ix":1},"s":{"a":0,"k":[100,100],"ix":3},"r":{"a":0,"k":0,"ix":6},"o":{"a":0,"k":100,"ix":7},"sk":{"a":0,"k":0,"ix":4},"sa":{"a":0,"k":0,"ix":5},"nm":"Transform"}],"nm":"Group 1","np":2,"cix":2,"bm":0,"ix":1,"mn":"ADBE Vector Group","hd":false},{"ty":"gr","it":[{"ind":0,"ty":"sh","ix":1,"ks":{"a":0,"k":{"i":[[0,0],[0,0],[0,0],[0,0]],"o":[[0,0],[0,0],[0,0],[0,0]],"v":[[-875,875],[875,875],[875,-875],[-875,-875]],"c":true},"ix":2},"nm":"Path 1","mn":"ADBE Vector Shape - Group","hd":false},{"ty":"fl","c":{"a":0,"k":[0.952999997606,0.677999997606,0.651000019148,1],"ix":4},"o":{"a":0,"k":100,"ix":5},"r":1,"bm":0,"nm":"Fill 1","mn":"ADBE Vector Graphic - Fill","hd":false},{"ty":"tr","p":{"a":0,"k":[875,2625],"ix":2},"a":{"a":0,"k":[0,0],"ix":1},"s":{"a":0,"k":[100,100],"ix":3},"r":{"a":0,"k":0,"ix":6},"o":{"a":0,"k":100,"ix":7},"sk":{"a":0,"k":0,"ix":4},"sa":{"a":0,"k":0,"ix":5},"nm":"Transform"}],"nm":"Group 2","np":2,"cix":2,"bm":0,"ix":2,"mn":"ADBE Vector Group","hd":false},{"ty":"gr","it":[{"ind":0,"ty":"sh","ix":1,"ks":{"a":0,"k":{"i":[[0,0],[0,0],[0,0],[0,0]],"o":[[0,0],[0,0],[0,0],[0,0]],"v":[[-875,875],[875,875],[875,-875],[-875,-875]],"c":true},"ix":2},"nm":"Path 1","mn":"ADBE Vector Shape - Group","hd":false},{"ty":"fl","c":{"a":0,"k":[0.258999992819,0.522000002394,0.957000014361,1],"ix":4},"o":{"a":0,"k":100,"ix":5},"r":1,"bm":0,"nm":"Fill 1","mn":"ADBE Vector Graphic - Fill","hd":false},{"ty":"tr","p":{"a":0,"k":[2625,2625],"ix":2},"a":{"a":0,"k":[0,0],"ix":1},"s":{"a":0,"k":[100,100],"ix":3},"r":{"a":0,"k":0,"ix":6},"o":{"a":0,"k":100,"ix":7},"sk":{"a":0,"k":0,"ix":4},"sa":{"a":0,"k":0,"ix":5},"nm":"Transform"}],"nm":"Group 3","np":2,"cix":2,"bm":0,"ix":3,"mn":"ADBE Vector Group","hd":false},{"ty":"gr","it":[{"ind":0,"ty":"sh","ix":1,"ks":{"a":0,"k":{"i":[[0,0],[0,0],[0,0],[0,0]],"o":[[0,0],[0,0],[0,0],[0,0]],"v":[[-875,875],[875,875],[875,-875],[-875,-875]],"c":true},"ix":2},"nm":"Path 1","mn":"ADBE Vector Shape - Group","hd":false},{"ty":"fl","c":{"a":0,"k":[0.957000014361,0.705999995213,0,1],"ix":4},"o":{"a":0,"k":100,"ix":5},"r":1,"bm":0,"nm":"Fill 1","mn":"ADBE Vector Graphic - Fill","hd":false},{"ty":"tr","p":{"a":0,"k":[2625,875],"ix":2},"a":{"a":0,"k":[0,0],"ix":1},"s":{"a":0,"k":[100,100],"ix":3},"r":{"a":0,"k":0,"ix":6},"o":{"a":0,"k":100,"ix":7},"sk":{"a":0,"k":0,"ix":4},"sa":{"a":0,"k":0,"ix":5},"nm":"Transform"}],"nm":"Group 4","np":2,"cix":2,"bm":0,"ix":4,"mn":"ADBE Vector Group","hd":false}],"ip":0,"op":180.00000733155,"st":0,"bm":0}],"markers":[]}